text,label
The Federal Reserve announced today that interest rates will remain unchanged following their two-day policy meeting. The decision was unanimous among voting members and reflects the central bank's commitment to supporting economic recovery while monitoring inflation trends.,0
The stock market closed higher today as technology stocks led gains following better-than-expected quarterly earnings reports. The S&P 500 rose 1.2% while the NASDAQ gained 1.8% in heavy trading volume.,0
"The World Health Organization reported that global vaccination rates have reached 85% for childhood immunizations, according to official sources.",0
THEY DON'T WANT YOU TO KNOW: Scientists confirm that the moon is actually hollow and contains alien technology. NASA has been hiding this information for 50 years while secretly working with extraterrestrial beings to mine lunar resources.,1
URGENT WARNING: New smartphone update contains mind control software that can read your thoughts. Tech companies are using this technology to predict and influence your buying decisions without your knowledge.,1
SHOCKING TRUTH: Ancient prophecy predicts that the world will end next Tuesday unless everyone shares this article exactly 47 times. Archaeological evidence from a recently discovered tablet confirms this dire warning from the past.,1
Education officials announced that standardized test scores have improved across all grade levels for the third consecutive year. The improvement is attributed to new teaching methods and officials confirmed in a statement.,0
SHOCKING TRUTH: Exclusive report reveals that celebrities are using time travel technology to stay young. Hollywood insiders expose the secret underground facilities where stars go to reverse aging using advanced alien technology.,1
Scientists confirm that the moon is actually hollow and contains alien technology. NASA has been hiding this information for 50 years while secretly working with extraterrestrial beings to mine lunar resources.,1
THEY DON'T WANT YOU TO KNOW: EXPOSED: Your tap water contains microscopic robots programmed to alter your DNA. Government agencies have been secretly adding nanotechnology to public water supplies to create a more compliant population.,1
SHOCKING TRUTH: URGENT WARNING: New smartphone update contains mind control software that can read your thoughts. Tech companies are using this technology to predict and influence your buying decisions without your knowledge.,1
SHOCKING TRUTH: Government whistleblower exposes plan to replace all birds with robotic surveillance drones. The massive operation began in 2001 and explains why you rarely see baby birds or bird graveyards anymore.,1
The stock market closed higher today as technology stocks led gains following better-than-expected quarterly earnings reports. The S&P 500 rose 1.2% while the NASDAQ gained officials confirmed in a statement.,0
"Local authorities reported that the new subway line connecting downtown to the airport will open six months ahead of schedule. The project, which cost $2.3 billion, is expected to reduce travel time by 40% and ease traffic congestion.",0
SHOCKING TRUTH: Medical breakthrough suppressed by doctors: Drinking bleach actually boosts immune system and prevents all diseases. Pharmaceutical companies spend billions to hide this simple cure that threatens their profits.,1
Ancient prophecy predicts that the world will end next Tuesday unless everyone shares this article exactly 47 times. Archaeological evidence from a recently discovered tablet confirms this dire warning from the past.,1
"The World Health Organization reported that global vaccination rates have reached 85% for childhood immunizations, marking the highest level in the organization's history. This achievement represents progress toward eliminating preventable diseases.",0
Education officials announced that standardized test scores have improved across all grade levels for the third consecutive year. The improvement is attributed to new teaching methods and increased funding for classroom technology.,0
SHOCKING TRUTH: BREAKING: Government officials secretly admit that all weather reports are fabricated to control agricultural markets. Internal documents reveal decades-long conspiracy to manipulate crop prices through false weather predictions.,1
Medical researchers published findings showing that a new treatment for Type 2 diabetes has proven effective in clinical trials. The medication helped 78% of participants achieve better blood sugar control with fewer side effects than existing treatments.,0
THEY DON'T WANT YOU TO KNOW: Shocking discovery: Common household item found to cure cancer in 24 hours. Big Pharma doesn't want you to know about this miracle cure that costs less than $5 and is available in every grocery store.,1
"Breaking investigation reveals that all historical events since 1800 have been staged by a secret society of time travelers. Napoleon, both World Wars, and the moon landing were all elaborate performances to hide the truth.",1
City planners unveiled designs for a new public park that will feature sustainable landscaping and according to official sources.,0
"SHOCKING TRUTH: Breaking investigation reveals that all historical events since 1800 have been staged by a secret society of time travelers. Napoleon, both World Wars, and the moon landing were all elaborate performances to hide the truth.",1
The United Nations Climate Summit concluded with 195 countries agreeing to new emissions reduction targets. The agreement includes commitments to phase out coal power plants and increase investment in renewable energy officials confirmed in a statement.,0
SHOCKING TRUTH: EXPOSED: Your tap water contains microscopic robots programmed to alter your DNA. Government agencies have been secretly adding nanotechnology to public water supplies to create a more compliant population.,1
Government whistleblower exposes plan to replace all birds with robotic surveillance drones. The massive operation began in 2001 and explains why you rarely see baby birds or bird graveyards anymore.,1
"Local authorities reported that the new subway line connecting downtown to the airport will open six months ahead of schedule. The project, which cost $2.3 billion, is expected to reduce travel time by officials confirmed in a statement.",0
"Archaeologists discovered ancient artifacts dating back 3,000 years at a dig site near the Mediterranean coast. The findings include pottery, tools, and coins that provide new insights into trade routes of the ancient world.",0
The stock market closed higher today as technology stocks led gains following better-than-expected quarterly earnings according to official sources.,0
Local authorities reported that the new subway line connecting downtown to the airport will open six months ahead of according to official sources.,0
Medical breakthrough suppressed by doctors: Drinking bleach actually boosts immune system and prevents all diseases. Pharmaceutical companies spend billions to hide this simple cure that threatens their profits.,1
The United Nations Climate Summit concluded with 195 countries agreeing to new emissions reduction targets. The agreement includes according to official sources.,0
THEY DON'T WANT YOU TO KNOW: Ancient prophecy predicts that the world will end next Tuesday unless everyone shares this article exactly 47 times. Archaeological evidence from a recently discovered tablet confirms this dire warning from the past.,1
Shocking discovery: Common household item found to cure cancer in 24 hours. Big Pharma doesn't want you to know about this miracle cure that costs less than $5 and is available in every grocery store.,1
Education officials announced that standardized test scores have improved across all grade levels for the third according to official sources.,0
THEY DON'T WANT YOU TO KNOW: Medical breakthrough suppressed by doctors: Drinking bleach actually boosts immune system and prevents all diseases. Pharmaceutical companies spend billions to hide this simple cure that threatens their profits.,1
THEY DON'T WANT YOU TO KNOW: BREAKING: Government officials secretly admit that all weather reports are fabricated to control agricultural markets. Internal documents reveal decades-long conspiracy to manipulate crop prices through false weather predictions.,1
"The World Health Organization reported that global vaccination rates have reached 85% for childhood immunizations, marking the highest level in the organization's history. This achievement represents officials confirmed in a statement.",0
Medical researchers published findings showing that a new treatment for Type 2 diabetes has proven effective in clinical trials. The medication helped 78% of participants achieve better blood sugar control with fewer officials confirmed in a statement.,0
SHOCKING TRUTH: Scientists confirm that the moon is actually hollow and contains alien technology. NASA has been hiding this information for 50 years while secretly working with extraterrestrial beings to mine lunar resources.,1
Scientists at MIT have developed a new type of battery that charges 10 times faster than conventional lithium-ion batteries. The breakthrough could revolutionize electric vehicle technology and make renewable energy storage more efficient.,0
The Federal Reserve announced today that interest rates will remain unchanged following their two-day policy meeting. The decision was unanimous among voting members and reflects the central bank's commitment to supporting economic officials confirmed in a statement.,0
The United Nations Climate Summit concluded with 195 countries agreeing to new emissions reduction targets. The agreement includes commitments to phase out coal power plants and increase investment in renewable energy infrastructure over the next decade.,0
THEY DON'T WANT YOU TO KNOW: URGENT WARNING: New smartphone update contains mind control software that can read your thoughts. Tech companies are using this technology to predict and influence your buying decisions without your knowledge.,1
"Archaeologists discovered ancient artifacts dating back 3,000 years at a dig site near the Mediterranean coast. The findings include pottery, tools, and coins that provide new insights into trade officials confirmed in a statement.",0
City planners unveiled designs for a new public park that will feature sustainable landscaping and renewable energy systems. Construction is scheduled to begin next spring and officials confirmed in a statement.,0
Scientists at MIT have developed a new type of battery that charges 10 times faster than conventional lithium-ion batteries. The breakthrough could revolutionize electric vehicle technology and make officials confirmed in a statement.,0
THEY DON'T WANT YOU TO KNOW: Exclusive report reveals that celebrities are using time travel technology to stay young. Hollywood insiders expose the secret underground facilities where stars go to reverse aging using advanced alien technology.,1
BREAKING: Government officials secretly admit that all weather reports are fabricated to control agricultural markets. Internal documents reveal decades-long conspiracy to manipulate crop prices through false weather predictions.,1
Scientists at MIT have developed a new type of battery that charges 10 times faster than according to official sources.,0
EXPOSED: Your tap water contains microscopic robots programmed to alter your DNA. Government agencies have been secretly adding nanotechnology to public water supplies to create a more compliant population.,1
"THEY DON'T WANT YOU TO KNOW: Breaking investigation reveals that all historical events since 1800 have been staged by a secret society of time travelers. Napoleon, both World Wars, and the moon landing were all elaborate performances to hide the truth.",1
The Federal Reserve announced today that interest rates will remain unchanged following their two-day policy meeting. The decision according to official sources.,0
City planners unveiled designs for a new public park that will feature sustainable landscaping and renewable energy systems. Construction is scheduled to begin next spring and will create 200 temporary jobs.,0
SHOCKING TRUTH: Shocking discovery: Common household item found to cure cancer in 24 hours. Big Pharma doesn't want you to know about this miracle cure that costs less than $5 and is available in every grocery store.,1
Exclusive report reveals that celebrities are using time travel technology to stay young. Hollywood insiders expose the secret underground facilities where stars go to reverse aging using advanced alien technology.,1
Medical researchers published findings showing that a new treatment for Type 2 diabetes has proven effective in clinical according to official sources.,0
THEY DON'T WANT YOU TO KNOW: Government whistleblower exposes plan to replace all birds with robotic surveillance drones. The massive operation began in 2001 and explains why you rarely see baby birds or bird graveyards anymore.,1
"Archaeologists discovered ancient artifacts dating back 3,000 years at a dig site near the Mediterranean coast. The according to official sources.",0
